                  epoch,         train/box_loss,         train/seg_loss,         train/cls_loss,         train/dfl_loss,   metrics/precision(B),      metrics/recall(B),       metrics/mAP50(B),    metrics/mAP50-95(B),   metrics/precision(M),      metrics/recall(M),       metrics/mAP50(M),    metrics/mAP50-95(M),           val/box_loss,           val/seg_loss,           val/cls_loss,           val/dfl_loss,                 lr/pg0,                 lr/pg1,                 lr/pg2
                      1,                  1.117,                 2.2932,                 2.8663,                 1.0654,                0.94802,                0.88503,                0.94027,                0.78105,                 0.9379,                0.87202,                0.91847,                0.65659,                0.63454,                 1.0972,                0.59305,                 0.8818,               0.003327,               0.003327,               0.003327
                      2,                  1.039,                 1.9183,                 1.0123,                 1.0127,                0.94132,                0.88659,                0.94156,                0.78427,                0.91916,                0.87217,                0.91052,                0.65427,                0.63435,                 1.0623,                0.61511,                0.87272,              0.0066582,              0.0066582,              0.0066582
                      3,                 1.0804,                 1.9558,                0.92873,                 1.0261,                0.92399,                0.88573,                0.93352,                0.73933,                0.90843,                0.85439,                0.89488,                0.61651,                0.76134,                 1.1881,                0.66396,                 0.9279,              0.0099871,              0.0099871,              0.0099871
                      4,                  1.098,                 1.9605,                0.91353,                 1.0563,                0.94209,                0.87709,                0.92036,                0.73703,                0.90243,                0.83545,                0.87351,                0.60953,                 0.7545,                 1.1956,                0.68072,                0.92118,              0.0099901,              0.0099901,              0.0099901
                      5,                 1.0442,                 1.8472,                0.81469,                 1.0432,                0.95477,                 0.9162,                0.95653,                0.77838,                0.93538,                0.89524,                0.92594,                0.63073,                0.69578,                 1.2537,                0.54137,                0.90078,              0.0099868,              0.0099868,              0.0099868
                      6,                0.99805,                 1.8027,                0.73203,                 1.0221,                0.95005,                 0.9258,                0.95957,                0.80281,                0.94381,                0.87409,                0.90675,                0.64873,                0.61695,                  1.035,                0.50401,                0.88721,              0.0099835,              0.0099835,              0.0099835
                      7,                0.94599,                 1.7132,                0.67951,                 1.0092,                0.97246,                0.93052,                 0.9686,                0.82165,                0.95147,                0.88664,                0.91771,                0.65049,                0.58433,                0.97549,                0.44326,                0.87384,              0.0099802,              0.0099802,              0.0099802
                      8,                0.92069,                 1.6748,                0.64747,                0.99958,                0.97163,                0.94814,                0.96541,                0.82208,                0.94462,                0.91739,                0.92804,                0.67552,                0.57537,                0.96345,                0.43307,                0.87177,              0.0099769,              0.0099769,              0.0099769
                      9,                0.90123,                 1.6506,                0.62082,                0.99074,                0.97701,                0.94329,                0.96534,                0.84399,                0.95329,                0.91723,                0.93055,                0.67664,                0.52702,                0.94202,                0.40001,                0.85571,              0.0099736,              0.0099736,              0.0099736
                     10,                0.88068,                 1.5937,                 0.5909,                0.98375,                0.97663,                0.93553,                0.96775,                0.84246,                0.94677,                 0.9108,                0.92915,                0.68295,                0.52411,                0.91463,                0.38717,                0.85359,              0.0099703,              0.0099703,              0.0099703
                     11,                0.86902,                 1.5962,                0.57077,                 0.9771,                0.98164,                 0.9357,                0.96549,                0.84326,                0.95607,                0.91278,                0.92914,                 0.6934,                0.51377,                0.86905,                0.39725,                0.85107,               0.009967,               0.009967,               0.009967
                     12,                0.85161,                 1.5614,                0.56084,                0.97649,                0.99009,                0.93532,                 0.9718,                0.84814,                0.95702,                0.91083,                0.92492,                0.68162,                0.50406,                0.90089,                0.37132,                0.84471,              0.0099637,              0.0099637,              0.0099637
                     13,                0.83029,                 1.5498,                 0.5354,                0.96646,                0.98268,                0.94481,                0.97256,                0.85368,                0.96571,                0.91978,                0.93738,                0.69216,                0.49696,                0.85154,                0.36086,                0.84243,              0.0099604,              0.0099604,              0.0099604
                     14,                0.83052,                 1.5236,                0.53762,                0.96277,                0.98886,                0.94291,                0.97388,                0.85483,                 0.9598,                0.91615,                 0.9335,                0.69501,                0.49633,                0.87632,                0.35693,                0.84774,              0.0099571,              0.0099571,              0.0099571
                     15,                0.81324,                 1.4995,                0.51262,                0.96051,                0.98296,                0.94186,                0.97349,                0.86348,                 0.9521,                0.90649,                0.92759,                0.69577,                0.48723,                0.93467,                0.34207,                0.84116,              0.0099538,              0.0099538,              0.0099538
                     16,                0.79231,                 1.4662,                0.50079,                0.94948,                0.96315,                0.95943,                0.97536,                0.85803,                0.96382,                0.91889,                0.94768,                0.70054,                0.49985,                0.91565,                0.34402,                0.84254,              0.0099505,              0.0099505,              0.0099505
                     17,                0.79835,                 1.5028,                0.50441,                0.95998,                0.97794,                0.94476,                0.97534,                 0.8618,                0.94864,                0.90739,                0.92493,                 0.6925,                0.47931,                 0.8494,                0.33771,                0.83892,              0.0099472,              0.0099472,              0.0099472
                     18,                0.77971,                 1.4417,                0.48612,                0.94313,                0.97945,                0.94911,                0.97687,                0.86428,                0.94446,                0.91606,                0.93291,                0.70654,                0.46816,                0.84582,                0.33303,                0.83722,              0.0099439,              0.0099439,              0.0099439
                     19,                0.76194,                 1.4381,                0.48289,                0.93921,                0.98302,                0.95532,                0.97724,                 0.8719,                0.95199,                0.90829,                0.92296,                0.69235,                 0.4595,                0.85032,                0.32052,                0.83269,              0.0099406,              0.0099406,              0.0099406
                     20,                0.76666,                 1.4138,                0.48131,                0.94053,                0.98199,                0.93982,                0.97728,                0.88191,                0.96238,                0.91906,                0.94576,                0.70939,                0.43507,                0.81556,                0.31433,                0.82422,              0.0099373,              0.0099373,              0.0099373
                     21,                 0.7568,                 1.3997,                0.46943,                0.93898,                0.98282,                0.95468,                0.97801,                0.87439,                0.95191,                0.92664,                0.94017,                0.70298,                0.44659,                0.82309,                0.31022,                0.82821,               0.009934,               0.009934,               0.009934
                     22,                0.75158,                 1.3921,                0.46045,                0.93228,                0.98236,                0.96175,                0.98269,                0.88601,                 0.9586,                0.93946,                0.95341,                0.73674,                0.44096,                0.83097,                0.29913,                0.82843,              0.0099307,              0.0099307,              0.0099307
                     23,                0.74091,                 1.3788,                0.46152,                0.92952,                0.98962,                0.95022,                0.97906,                0.89019,                0.95673,                0.92068,                0.93775,                0.71466,                0.42071,                0.77217,                 0.2962,                0.82261,              0.0099274,              0.0099274,              0.0099274
                     24,                0.73252,                  1.381,                 0.4517,                0.92678,                0.97407,                0.96224,                0.97742,                0.88411,                0.93869,                 0.9294,                0.93399,                0.71339,                0.43135,                0.80712,                0.29922,                0.82808,              0.0099241,              0.0099241,              0.0099241
                     25,                0.73029,                 1.3568,                0.44635,                0.92756,                0.97439,                 0.9636,                0.98047,                0.88829,                0.95168,                0.91408,                0.92752,                0.71517,                0.41614,                0.78439,                0.29515,                0.82114,              0.0099208,              0.0099208,              0.0099208
                     26,                0.72153,                 1.3515,                0.43865,                0.92428,                0.99021,                0.95718,                0.97889,                  0.889,                0.96148,                0.92913,                0.93578,                0.71347,                0.40908,                0.78712,                0.28771,                0.81691,              0.0099175,              0.0099175,              0.0099175
                     27,                0.71063,                 1.3276,                  0.434,                0.92159,                0.98301,                0.95653,                0.98104,                0.89003,                0.96031,                0.92249,                0.93888,                0.71739,                0.41975,                0.72888,                 0.2866,                0.82018,              0.0099142,              0.0099142,              0.0099142
                     28,                0.71225,                  1.335,                0.43003,                0.92238,                0.98146,                0.95828,                0.98038,                 0.8936,                0.95232,                0.92578,                0.94195,                0.71691,                0.41676,                0.78285,                0.28668,                0.82301,              0.0099109,              0.0099109,              0.0099109
                     29,                0.70765,                 1.3199,                0.42773,                0.92048,                0.97828,                 0.9652,                0.97973,                0.89276,                0.96044,                0.93031,                 0.9479,                0.72606,                0.40621,                 0.8251,                 0.2733,                0.81306,              0.0099076,              0.0099076,              0.0099076
                     30,                0.69658,                 1.2927,                0.42301,                0.91641,                0.98321,                0.96193,                0.98135,                0.89644,                0.96086,                0.93401,                0.94584,                0.72388,                0.40006,                0.76376,                0.26367,                0.81555,              0.0099043,              0.0099043,              0.0099043
                     31,                0.69606,                 1.3058,                0.42407,                0.91237,                0.98637,                0.95186,                0.98235,                0.89622,                0.96421,                0.92824,                0.94886,                0.71328,                0.39648,                0.78134,                0.26947,                0.81554,               0.009901,               0.009901,               0.009901
                     32,                0.69263,                 1.2876,                0.42348,                0.91366,                0.98446,                0.96679,                0.98687,                0.89809,                0.94983,                 0.9368,                0.94287,                0.72062,                0.40425,                0.74389,                0.25979,                0.81748,              0.0098977,              0.0098977,              0.0098977
                     33,                0.68429,                 1.2775,                0.41542,                 0.9133,                0.97685,                0.96783,                0.98399,                0.89044,                0.95464,                0.92641,                0.94039,                0.72405,                0.41399,                0.79422,                0.27012,                0.82112,              0.0098944,              0.0098944,              0.0098944
                     34,                0.68516,                  1.283,                0.41392,                0.91131,                 0.9824,                0.96703,                0.98272,                0.89624,                0.95541,                0.92892,                0.93732,                0.72136,                0.39636,                0.77256,                0.26152,                0.81593,              0.0098911,              0.0098911,              0.0098911
                     35,                0.68424,                 1.2573,                0.41106,                0.90997,                0.97941,                0.97107,                0.98182,                0.90036,                0.96332,                0.93412,                0.94656,                0.72721,                0.39285,                0.75857,                0.26346,                 0.8153,              0.0098878,              0.0098878,              0.0098878
                     36,                0.67734,                 1.2748,                0.41111,                0.90684,                0.98132,                 0.9639,                0.98076,                0.87021,                0.94575,                0.92092,                0.93204,                0.69572,                0.46424,                0.96447,                0.28022,                0.82996,              0.0098845,              0.0098845,              0.0098845
                     37,                0.67213,                 1.2592,                0.40476,                0.90582,                0.98558,                0.96551,                0.98604,                0.90053,                0.95518,                0.93467,                0.94271,                0.71889,                0.38789,                0.76393,                0.25686,                0.81466,              0.0098812,              0.0098812,              0.0098812
                     38,                0.66797,                  1.248,                0.40044,                0.90262,                0.97886,                0.96526,                0.98447,                0.89838,                0.96144,                0.93228,                0.95202,                0.72761,                0.40751,                0.81049,                0.26238,                 0.8183,              0.0098779,              0.0098779,              0.0098779
                     39,                0.65982,                 1.2179,                0.39391,                0.89971,                0.98098,                0.96944,                0.98518,                0.89856,                0.95288,                 0.9329,                0.94727,                0.72868,                0.40204,                0.81574,                0.26218,                0.81584,              0.0098746,              0.0098746,              0.0098746
                     40,                0.66187,                 1.2379,                0.40171,                0.90372,                0.98671,                0.96556,                0.98451,                0.90268,                0.95534,                0.93876,                0.94932,                0.72441,                0.37852,                0.74583,                0.25162,                0.81124,              0.0098713,              0.0098713,              0.0098713
                     41,                0.65643,                 1.2066,                0.39121,                0.89883,                0.97215,                0.97525,                 0.9871,                0.90753,                0.95919,                0.93017,                  0.946,                0.73797,                0.37837,                0.75207,                0.24484,                   0.81,               0.009868,               0.009868,               0.009868
                     42,                0.65643,                 1.2259,                0.39297,                0.89994,                  0.988,                0.96862,                0.98677,                0.90864,                0.95729,                0.93921,                0.95066,                0.73208,                0.37199,                0.72676,                0.24573,                 0.8097,              0.0098647,              0.0098647,              0.0098647
                     43,                0.65381,                 1.2217,                0.38826,                0.90089,                0.98703,                0.96878,                0.98867,                0.90888,                0.95129,                0.93403,                0.94159,                0.72546,                0.38461,                0.73746,                0.24023,                0.81543,              0.0098614,              0.0098614,              0.0098614
                     44,                0.64835,                 1.2082,                 0.3856,                0.90166,                0.99045,                0.96083,                0.98572,                0.91115,                0.95892,                0.93109,                0.94568,                0.73163,                 0.3695,                0.74428,                0.23969,                0.81185,              0.0098581,              0.0098581,              0.0098581
                     45,                0.65152,                 1.2183,                0.38614,                0.89818,                0.98468,                0.97407,                0.98796,                0.91117,                0.94835,                0.93672,                 0.9418,                0.72783,                0.37187,                0.74174,                0.23574,                0.80685,              0.0098548,              0.0098548,              0.0098548
                     46,                0.65409,                 1.2212,                0.39058,                0.90249,                0.98983,                0.96596,                0.98728,                0.91203,                0.95917,                0.93953,                0.95266,                0.73051,                0.36635,                0.74054,                0.24018,                0.80593,              0.0098515,              0.0098515,              0.0098515
                     47,                 0.6443,                 1.1839,                0.38507,                0.89586,                0.98589,                0.96641,                0.98746,                0.88794,                 0.9498,                0.93005,                0.94516,                0.70528,                0.43955,                0.87973,                   0.26,                0.82333,              0.0098482,              0.0098482,              0.0098482
                     48,                0.64546,                 1.2053,                0.38372,                0.89933,                0.98421,                0.96598,                0.98457,                0.88757,                0.95124,                0.93005,                0.94153,                 0.7098,                0.43927,                0.89837,                0.25944,                0.82592,              0.0098449,              0.0098449,              0.0098449
                     49,                0.63507,                 1.1873,                0.37503,                0.89551,                0.98415,                0.97685,                0.98899,                0.91639,                0.95715,                0.94272,                0.94747,                0.73389,                0.35993,                0.71855,                0.23193,                0.80477,              0.0098416,              0.0098416,              0.0098416
                     50,                0.62731,                 1.1543,                0.37563,                0.89113,                0.98642,                0.97316,                0.98824,                0.91474,                0.95516,                 0.9422,                  0.945,                0.73615,                0.36087,                 0.7204,                0.22838,                0.80482,              0.0098383,              0.0098383,              0.0098383
                     51,                0.63687,                 1.1919,                0.38102,                0.89305,                0.98661,                0.97639,                0.98816,                0.91415,                 0.9585,                0.94054,                0.95015,                0.73708,                0.35563,                0.71073,                0.22434,                0.80387,               0.009835,               0.009835,               0.009835
                     52,                0.63384,                 1.1755,                0.38075,                0.89495,                0.97873,                0.97454,                0.98564,                0.91196,                0.96496,                0.93701,                0.94926,                0.73656,                0.36182,                0.72493,                0.22864,                0.80492,              0.0098317,              0.0098317,              0.0098317
                     53,                0.63738,                 1.1793,                0.37761,                0.89007,                0.98771,                0.97035,                0.98726,                0.91152,                0.95818,                0.94839,                0.95427,                0.74432,                0.36789,                0.71596,                0.22906,                 0.8068,              0.0098284,              0.0098284,              0.0098284
                     54,                0.62945,                 1.1571,                0.37493,                0.88961,                0.98311,                0.97589,                0.98875,                0.91607,                0.96506,                0.93394,                0.94793,                 0.7361,                0.36023,                0.72268,                0.22652,                0.80625,              0.0098251,              0.0098251,              0.0098251
                     55,                0.62596,                 1.1671,                0.37495,                0.88784,                0.98642,                0.97361,                0.98733,                0.91824,                0.95895,                 0.9428,                0.95022,                0.73752,                0.35276,                 0.6884,                0.22609,                 0.8025,              0.0098218,              0.0098218,              0.0098218
                     56,                0.62001,                 1.1611,                0.37447,                0.88795,                0.99065,                0.97079,                0.98848,                0.91898,                0.96101,                0.93765,                0.94925,                0.74053,                0.34849,                0.70771,                0.22038,                0.80033,              0.0098185,              0.0098185,              0.0098185
                     57,                0.62224,                 1.1669,                0.37434,                0.88899,                0.98605,                0.97327,                0.98812,                0.91807,                0.96674,                 0.9316,                 0.9509,                0.73999,                 0.3514,                0.70103,                0.21959,                0.80142,              0.0098152,              0.0098152,              0.0098152
                     58,                 0.6162,                 1.1338,                0.36981,                0.88319,                0.98571,                 0.9717,                0.98705,                0.91747,                0.96332,                0.93843,                0.94928,                0.74155,                0.35317,                0.69046,                0.22208,                0.80138,              0.0098119,              0.0098119,              0.0098119
                     59,                0.61844,                 1.1543,                0.37293,                 0.8897,                0.97831,                0.98045,                 0.9891,                0.91741,                0.95648,                0.93663,                0.94542,                0.73965,                0.35445,                0.71244,                 0.2221,                0.80396,              0.0098086,              0.0098086,              0.0098086
                     60,                0.62266,                 1.1538,                0.37364,                0.89051,                0.98164,                0.97341,                0.98677,                0.90678,                0.95673,                0.93813,                0.94637,                0.73101,                0.37636,                0.76042,                0.23007,                0.80974,              0.0098053,              0.0098053,              0.0098053
                     61,                0.61696,                 1.1287,                0.36956,                0.88978,                0.97944,                0.98076,                0.98916,                0.91903,                0.96191,                0.94532,                0.95443,                 0.7373,                0.34551,                0.71255,                0.21819,                 0.8029,               0.009802,               0.009802,               0.009802
                     62,                0.61791,                 1.1343,                0.36939,                0.88712,                 0.9881,                0.97311,                0.98776,                0.92056,                0.95766,                  0.945,                 0.9513,                0.73928,                0.34252,                 0.7063,                0.22013,                0.80177,              0.0097987,              0.0097987,              0.0097987
                     63,                0.61517,                 1.1395,                0.36992,                0.88563,                0.98758,                0.97193,                0.98766,                0.91675,                0.95451,                0.93692,                0.94659,                 0.7366,                0.35251,                0.71805,                0.22282,                 0.8024,              0.0097954,              0.0097954,              0.0097954
                     64,                 0.6189,                 1.1458,                0.36805,                0.88509,                0.97891,                0.97768,                0.98764,                0.91922,                0.96281,                0.93337,                0.94486,                0.73713,                0.34751,                0.70269,                0.22011,                0.80189,              0.0097921,              0.0097921,              0.0097921
                     65,                0.61304,                  1.126,                 0.3637,                0.88144,                0.98308,                0.97503,                0.98791,                0.92046,                0.96291,                 0.9355,                0.94969,                0.74181,                0.34171,                0.70786,                0.21394,                0.79952,              0.0097888,              0.0097888,              0.0097888
                     66,                0.61224,                 1.1274,                0.36693,                 0.8845,                0.98497,                0.97542,                0.98903,                0.92081,                0.95719,                0.94464,                0.94943,                0.73928,                0.33839,                0.69586,                0.21118,                0.79838,              0.0097855,              0.0097855,              0.0097855
                     67,                0.60535,                 1.1121,                0.36726,                0.88408,                0.98877,                0.97068,                0.98861,                 0.9237,                0.95715,                0.94361,                0.94845,                0.73997,                0.33731,                0.68266,                0.21474,                0.79966,              0.0097822,              0.0097822,              0.0097822
                     68,                 0.6099,                 1.1303,                0.36191,                0.88373,                 0.9843,                0.97318,                0.98912,                 0.9233,                0.96229,                0.93702,                0.94947,                0.74265,                0.33808,                0.68224,                0.21347,                0.79998,              0.0097789,              0.0097789,              0.0097789
                     69,                0.59838,                 1.1063,                0.35758,                0.87768,                0.98569,                0.97891,                0.98967,                0.92264,                0.95833,                0.94569,                0.95232,                0.74584,                0.34237,                0.69154,                 0.2132,                0.79897,              0.0097756,              0.0097756,              0.0097756
                     70,                0.60113,                 1.1117,                0.36347,                0.87867,                0.98456,                0.97761,                0.98944,                0.91928,                0.95296,                 0.9433,                0.94986,                0.74508,                0.34689,                0.71569,                0.21123,                0.80263,              0.0097723,              0.0097723,              0.0097723
                     71,                0.60102,                 1.1087,                 0.3641,                0.87913,                0.98494,                0.96709,                0.98687,                0.89894,                0.95368,                0.92942,                0.94976,                0.71787,                0.41331,                  0.859,                0.23514,                0.81452,               0.009769,               0.009769,               0.009769
                     72,                  0.608,                 1.1268,                0.36565,                0.88137,                0.98803,                0.96965,                0.98692,                0.92281,                0.96389,                0.94031,                0.95162,                0.74451,                0.34057,                0.70522,                0.21138,                0.79889,              0.0097657,              0.0097657,              0.0097657
                     73,                0.59931,                  1.098,                0.35905,                 0.8798,                0.98713,                0.97463,                 0.9885,                0.92169,                0.95853,                0.94212,                0.94907,                0.74179,                0.33861,                0.69555,                0.21053,                0.79865,              0.0097624,              0.0097624,              0.0097624
                     74,                0.60599,                 1.1175,                0.35825,                0.87831,                0.97984,                0.96996,                0.98585,                0.88644,                0.95106,                0.94021,                0.94946,                0.71209,                0.44364,                0.92141,                0.24062,                0.81942,              0.0097591,              0.0097591,              0.0097591
                     75,                0.59473,                 1.0914,                0.35858,                 0.8733,                0.97846,                0.96503,                0.98388,                0.87177,                0.93957,                0.92512,                0.93994,                0.69886,                0.48703,                 1.0123,                0.25522,                0.82857,              0.0097558,              0.0097558,              0.0097558
                     76,                0.60232,                 1.1042,                0.36227,                0.87806,                0.97558,                0.96871,                0.98592,                0.88267,                0.95112,                0.92705,                0.94577,                0.70919,                0.45233,                 0.9511,                0.24501,                0.82214,              0.0097525,              0.0097525,              0.0097525
                     77,                 0.5973,                 1.0864,                0.35833,                0.87276,                0.98529,                0.97104,                0.98769,                0.91311,                0.95388,                0.94348,                0.95152,                 0.7373,                0.37116,                0.75138,                0.21735,                0.80379,              0.0097492,              0.0097492,              0.0097492
                     78,                 0.5874,                  1.073,                0.35818,                0.87165,                0.98463,                0.97895,                0.98937,                 0.9232,                0.96113,                0.94688,                0.95697,                  0.744,                0.33998,                0.70228,                0.20707,                0.79947,              0.0097459,              0.0097459,              0.0097459
                     79,                0.59079,                 1.0939,                0.35539,                0.87385,                0.98237,                0.97299,                0.98564,                0.90854,                0.95867,                0.93626,                0.95436,                0.73178,                0.38153,                0.78185,                 0.2199,                0.80951,              0.0097426,              0.0097426,              0.0097426
                     80,                0.60136,                 1.0972,                0.36117,                0.87844,                0.98227,                0.97343,                 0.9871,                0.91074,                0.95242,                0.93894,                 0.9527,                0.73413,                0.37558,                0.77532,                0.21639,                0.80755,              0.0097393,              0.0097393,              0.0097393
                     81,                0.58919,                 1.0738,                0.35652,                0.87388,                0.98519,                0.96871,                0.98643,                0.90667,                0.95433,                0.93633,                0.95171,                0.73055,                 0.3884,                0.79694,                0.21847,                0.81003,               0.009736,               0.009736,               0.009736
                     82,                0.58723,                 1.0788,                0.35306,                0.87535,                0.98553,                0.96874,                0.98577,                0.89806,                0.95292,                0.93476,                0.94948,                0.72501,                0.41681,                0.85283,                0.22673,                0.81531,              0.0097327,              0.0097327,              0.0097327
                     83,                0.58614,                 1.0586,                0.35166,                0.87246,                0.98702,                0.96988,                0.98601,                 0.9105,                0.95844,                0.93921,                0.95268,                0.73812,                0.37055,                0.75455,                0.21268,                0.80438,              0.0097294,              0.0097294,              0.0097294
                     84,                 0.5883,                 1.0829,                0.35246,                0.87147,                0.98572,                0.97599,                0.98877,                0.92289,                0.96157,                0.93885,                0.95296,                0.74958,                0.33628,                0.70129,                0.20118,                0.79816,              0.0097261,              0.0097261,              0.0097261
                     85,                0.58171,                 1.0621,                0.35002,                0.87207,                0.98937,                0.97286,                0.99046,                0.92286,                0.95712,                0.94182,                0.94997,                0.74871,                0.33077,                0.69705,                0.20158,                0.79725,              0.0097228,              0.0097228,              0.0097228
                     86,                0.58083,                 1.0797,                0.35079,                0.86988,                0.98635,                0.97626,                0.99065,                0.92362,                0.95798,                0.93876,                0.94824,                0.74677,                0.32777,                  0.686,                0.19712,                 0.7962,              0.0097195,              0.0097195,              0.0097195
                     87,                0.57853,                 1.0653,                0.34637,                0.86952,                0.98472,                0.97825,                 0.9907,                0.92247,                0.95812,                0.94212,                0.95174,                0.74852,                0.32829,                 0.6799,                0.19667,                0.79626,              0.0097162,              0.0097162,              0.0097162
                     88,                0.58192,                  1.062,                0.35241,                0.87172,                 0.9862,                0.97752,                0.99076,                0.92385,                0.95796,                0.94228,                0.95075,                0.75053,                0.32818,                0.67733,                0.19742,                0.79595,              0.0097129,              0.0097129,              0.0097129
                     89,                0.57649,                 1.0481,                0.34742,                0.86829,                0.98813,                0.97244,                0.98858,                0.91033,                0.95422,                0.94039,                0.95256,                0.73608,                0.37739,                0.76397,                0.21359,                0.80529,              0.0097096,              0.0097096,              0.0097096
                     90,                0.57413,                  1.056,                0.34757,                0.86817,                0.98854,                0.97301,                0.98831,                 0.9034,                0.95454,                0.93853,                0.95161,                0.73303,                0.40123,                0.80245,                0.21852,                0.81028,              0.0097063,              0.0097063,              0.0097063
                     91,                0.57776,                 1.0623,                0.34686,                0.86917,                0.98855,                0.97343,                0.98873,                0.91129,                0.95514,                0.94134,                 0.9514,                0.73876,                0.37645,                0.75032,                0.21224,                0.80542,               0.009703,               0.009703,               0.009703
                     92,                0.57105,                  1.047,                0.34623,                0.86743,                0.98577,                0.97365,                0.98818,                0.89826,                0.95049,                0.93386,                 0.9463,                0.71812,                0.42716,                 0.8788,                0.22574,                 0.8158,              0.0096997,              0.0096997,              0.0096997
                     93,                 0.5761,                  1.052,                0.34581,                0.86884,                0.98408,                0.97141,                0.98693,                0.90267,                0.95185,                0.93868,                 0.9476,                0.72544,                0.40958,                0.85111,                0.22005,                0.81233,              0.0096964,              0.0096964,              0.0096964
                     94,                0.56955,                 1.0358,                0.34134,                0.86566,                0.98103,                0.97891,                 0.9892,                0.91797,                0.95401,                0.94683,                0.95316,                0.74967,                0.35062,                0.71255,                0.20336,                 0.7996,              0.0096931,              0.0096931,              0.0096931
                     95,                0.56554,                 1.0254,                0.33882,                0.86765,                0.98191,                0.97442,                0.98767,                0.90779,                0.95265,                0.93559,                0.94967,                 0.7361,                0.38598,                0.78512,                0.21128,                 0.8074,              0.0096898,              0.0096898,              0.0096898
                     96,                0.57528,                 1.0602,                0.34299,                0.87008,                0.97643,                0.97719,                0.98728,                0.89957,                0.94132,                  0.932,                0.94711,                0.72943,                0.41155,                0.85115,                0.21804,                 0.8131,              0.0096865,              0.0096865,              0.0096865
                     97,                0.56522,                 1.0364,                0.33931,                0.86699,                0.98528,                0.97571,                0.98929,                0.91295,                0.94962,                0.93965,                0.95026,                0.74057,                0.36851,                0.74864,                0.20509,                0.80369,              0.0096832,              0.0096832,              0.0096832
                     98,                0.56497,                 1.0348,                0.34011,                0.86589,                0.98688,                0.97621,                0.98957,                0.92225,                0.95612,                0.94142,                0.95216,                0.74466,                0.33934,                0.69827,                 0.1958,                0.79746,              0.0096799,              0.0096799,              0.0096799
                     99,                0.56895,                 1.0495,                0.34009,                0.86698,                0.98536,                0.97989,                0.99092,                0.92702,                0.95837,                0.94586,                0.95539,                0.74756,                0.32916,                0.68364,                0.19304,                0.79571,              0.0096766,              0.0096766,              0.0096766
                    100,                0.57134,                  1.043,                0.34673,                0.86569,                0.98466,                0.98028,                0.99089,                0.92749,                0.95581,                0.94537,                 0.9527,                 0.7482,                0.32741,                0.68284,                 0.1917,                 0.7955,              0.0096733,              0.0096733,              0.0096733
                    101,                0.56979,                 1.0334,                0.34284,                0.86502,                0.98654,                0.97733,                0.99024,                0.92781,                0.95879,                0.93966,                0.95132,                0.74818,                 0.3239,                0.68059,                0.19003,                0.79514,                0.00967,                0.00967,                0.00967
                    102,                0.56468,                 1.0329,                0.33665,                0.86302,                0.98627,                0.97897,                0.99097,                0.92818,                0.96168,                0.94159,                0.95172,                0.75125,                0.32314,                0.67886,                0.18936,                0.79482,              0.0096667,              0.0096667,              0.0096667
                    103,                0.57099,                 1.0449,                0.34087,                0.86408,                0.98578,                0.98052,                0.99126,                0.92857,                0.96199,                0.94162,                 0.9524,                0.75173,                0.32268,                0.67603,                0.18711,                 0.7945,              0.0096634,              0.0096634,              0.0096634
                    104,                0.56568,                  1.029,                0.33942,                0.86474,                0.98455,                0.98066,                0.99107,                0.92665,                0.95983,                0.94448,                0.95332,                0.74822,                0.32822,                0.67962,                0.18803,                0.79515,              0.0096601,              0.0096601,              0.0096601
                    105,                0.56519,                  1.034,                0.33535,                 0.8681,                0.98677,                0.97829,                0.99093,                0.92456,                0.95708,                0.94396,                 0.9506,                0.74505,                0.33492,                0.68568,                0.18975,                0.79663,              0.0096568,              0.0096568,              0.0096568
                    106,                0.56392,                 1.0262,                0.33722,                0.86552,                0.98633,                0.97816,                0.99068,                0.92292,                0.95605,                0.94512,                0.95066,                0.74157,                0.34201,                0.69614,                 0.1935,                0.79788,              0.0096535,              0.0096535,              0.0096535
                    107,                0.56043,                 1.0235,                0.33715,                0.86602,                0.98448,                0.97795,                0.98977,                 0.9194,                0.94959,                0.94336,                0.94953,                0.74238,                 0.3526,                0.71341,                0.19602,                0.80034,              0.0096502,              0.0096502,              0.0096502
                    108,                0.55741,                 1.0226,                0.33859,                0.86294,                0.98405,                0.97654,                0.98937,                0.91194,                0.94658,                0.94138,                0.94959,                0.73571,                 0.3758,                0.75909,                0.20288,                0.80522,              0.0096469,              0.0096469,              0.0096469
                    109,                 0.5615,                 1.0184,                0.33549,                0.86247,                0.98548,                 0.9752,                0.98926,                0.91097,                0.94722,                0.94095,                0.94877,                0.73898,                0.37856,                0.76856,                0.20281,                0.80613,              0.0096436,              0.0096436,              0.0096436
                    110,                0.55403,                 1.0169,                 0.3297,                0.85817,                0.98683,                0.97077,                0.98884,                0.90738,                0.95985,                0.92821,                0.94857,                0.73623,                0.38461,                0.78214,                0.20501,                0.80752,              0.0096403,              0.0096403,              0.0096403
                    111,                0.55631,                 1.0083,                 0.3353,                0.86202,                0.97927,                0.97545,                0.98679,                0.90304,                 0.9508,                0.92139,                0.94337,                 0.7276,                0.40073,                0.82408,                0.21104,                  0.811,               0.009637,               0.009637,               0.009637
                    112,                0.55565,                 1.0051,                0.33276,                0.86338,                0.97956,                 0.9747,                0.98675,                0.89384,                0.93686,                0.93055,                0.94212,                0.71896,                0.43058,                0.88814,                 0.2201,                0.81729,              0.0096337,              0.0096337,              0.0096337
                    113,                0.54952,                 1.0085,                0.33244,                0.86076,                0.97848,                0.97193,                0.98611,                0.89204,                0.93695,                0.93048,                0.94303,                0.71689,                0.43505,                0.90141,                0.22017,                0.81846,              0.0096304,              0.0096304,              0.0096304
                    114,                0.55952,                 1.0064,                0.33456,                0.86271,                0.97744,                0.97246,                  0.986,                 0.8919,                 0.9363,                 0.9305,                0.94177,                0.71346,                0.43853,                0.90784,                0.22086,                0.81925,              0.0096271,              0.0096271,              0.0096271
                    115,                 0.5576,                 1.0163,                0.33624,                0.86057,                0.97794,                0.97106,                0.98599,                0.88959,                0.93674,                0.92507,                0.93908,                0.71139,                0.44083,                0.91365,                0.22136,                0.82002,              0.0096238,              0.0096238,              0.0096238
                    116,                0.55085,                 1.0053,                0.33137,                0.85829,                0.97974,                0.97222,                 0.9868,                0.89138,                0.94289,                 0.9273,                0.94239,                0.71222,                0.44182,                0.91489,                0.22086,                0.82016,              0.0096205,              0.0096205,              0.0096205
                    117,                0.55467,                 1.0023,                0.33369,                0.85724,                0.98121,                0.97349,                0.98803,                0.89224,                0.94241,                0.92722,                 0.9422,                0.71327,                0.43449,                0.90138,                0.21827,                0.81842,              0.0096172,              0.0096172,              0.0096172
                    118,                0.54599,                 1.0069,                0.33041,                0.85806,                0.98319,                0.97204,                0.98821,                0.89722,                0.94171,                0.92778,                0.94157,                0.71705,                0.42478,                0.88211,                0.21472,                 0.8163,              0.0096139,              0.0096139,              0.0096139
                    119,                 0.5513,                0.99879,                0.33211,                0.86155,                0.98413,                0.97145,                 0.9871,                0.89818,                  0.942,                 0.9291,                0.94369,                0.71988,                0.41942,                0.87355,                0.21313,                0.81513,              0.0096106,              0.0096106,              0.0096106
                    120,                0.55386,                 1.0261,                0.33297,                0.86117,                0.98472,                0.97107,                 0.9872,                0.89822,                0.94101,                0.92844,                0.94303,                0.71804,                 0.4231,                0.88119,                0.21422,                 0.8157,              0.0096073,              0.0096073,              0.0096073
                    121,                0.55316,                 1.0122,                0.33328,                0.85977,                0.98352,                0.97011,                0.98687,                0.89766,                0.94235,                0.92963,                0.94333,                0.71961,                0.42263,                0.88234,                0.21427,                0.81568,               0.009604,               0.009604,               0.009604
                    122,                0.55229,                 1.0157,                0.33151,                0.85615,                0.98352,                 0.9702,                 0.9869,                0.89812,                0.93891,                0.92648,                0.93968,                 0.7189,                0.42049,                0.87929,                0.21339,                0.81498,              0.0096007,              0.0096007,              0.0096007
                    123,                0.54838,                 1.0015,                0.32683,                0.85528,                0.98386,                0.96995,                0.98606,                 0.8984,                0.94035,                0.92726,                0.93941,                0.72007,                0.41819,                0.87542,                0.21319,                0.81447,              0.0095974,              0.0095974,              0.0095974
                    124,                0.55005,                 1.0074,                0.33083,                0.86305,                  0.984,                0.96981,                0.98692,                0.89934,                0.94041,                0.92721,                0.93905,                0.72138,                0.41864,                0.87678,                0.21254,                0.81453,              0.0095941,              0.0095941,              0.0095941
                    125,                0.53968,                 0.9737,                0.32633,                0.85906,                 0.9824,                0.96846,                0.98655,                 0.8983,                0.94209,                0.92887,                0.94108,                0.71958,                0.42127,                0.88234,                 0.2128,                  0.815,              0.0095908,              0.0095908,              0.0095908
                    126,                0.54427,                0.98646,                0.32759,                0.85608,                 0.9776,                0.97266,                0.98656,                0.89745,                0.94103,                0.92639,                0.93746,                0.71995,                0.41875,                0.87643,                0.21176,                0.81449,              0.0095875,              0.0095875,              0.0095875
                    127,                0.54669,                0.99343,                0.32391,                0.85726,                0.97757,                0.97264,                0.98659,                0.89762,                0.93995,                0.92539,                0.93683,                0.71921,                0.42232,                0.88283,                0.21254,                0.81525,              0.0095842,              0.0095842,              0.0095842
                    128,                0.54314,                  1.005,                0.32835,                   0.86,                0.97682,                0.97115,                0.98491,                0.89473,                0.94313,                0.92749,                 0.9419,                0.71679,                0.43086,                0.89963,                0.21488,                0.81705,              0.0095809,              0.0095809,              0.0095809
                    129,                0.53844,                 1.0001,                0.32435,                0.85814,                0.97687,                0.97106,                0.98566,                0.89375,                0.94133,                0.92662,                0.93949,                0.71668,                0.43057,                 0.9002,                0.21432,                0.81723,              0.0095776,              0.0095776,              0.0095776
                    130,                 0.5455,                0.99944,                0.32647,                0.85629,                0.97698,                0.97106,                0.98559,                0.89452,                0.94292,                0.92771,                0.94054,                0.71591,                0.43099,                0.90265,                0.21537,                0.81731,              0.0095743,              0.0095743,              0.0095743
                    131,                  0.536,                0.96612,                0.32756,                0.85446,                0.97705,                0.97102,                0.98565,                0.89446,                0.94149,                 0.9271,                0.93909,                0.71529,                   0.43,                 0.8996,                0.21494,                 0.8172,               0.009571,               0.009571,               0.009571
                    132,                0.53788,                0.96427,                0.32878,                0.85697,                0.97794,                0.96993,                0.98571,                0.89425,                 0.9423,                0.92834,                0.94102,                0.71497,                0.43146,                0.90353,                0.21552,                0.81753,              0.0095677,              0.0095677,              0.0095677
                    133,                0.54005,                0.98647,                0.32749,                0.85835,                0.97411,                0.97419,                 0.9858,                0.89299,                0.94245,                0.92848,                0.94112,                0.71409,                0.43462,                0.90861,                0.21612,                0.81779,              0.0095644,              0.0095644,              0.0095644
                    134,                 0.5399,                0.98179,                0.32566,                0.85705,                0.97756,                0.97069,                0.98569,                0.89105,                0.94266,                0.92831,                0.94148,                0.71121,                0.43817,                0.91675,                0.21742,                0.81837,              0.0095611,              0.0095611,              0.0095611
                    135,                0.53614,                0.97527,                0.32245,                0.85537,                0.97415,                 0.9742,                0.98573,                0.89074,                0.94254,                0.92827,                 0.9416,                0.71089,                0.43978,                0.92058,                0.21729,                0.81868,              0.0095578,              0.0095578,              0.0095578
                    136,                0.53357,                0.96966,                0.31896,                0.85212,                0.97419,                0.97417,                0.98583,                0.89012,                0.94264,                0.92818,                0.94143,                0.71206,                0.43925,                0.92086,                 0.2176,                0.81846,              0.0095545,              0.0095545,              0.0095545
                    137,                0.53232,                0.97047,                0.32111,                0.85394,                0.97443,                0.97416,                0.98582,                0.88974,                0.94305,                0.92811,                0.94143,                0.71013,                0.43888,                0.92254,                0.21694,                0.81851,              0.0095512,              0.0095512,              0.0095512
                    138,                0.53655,                0.95616,                0.32122,                0.85416,                0.97457,                0.97421,                0.98583,                0.89016,                0.94268,                0.92691,                0.93964,                 0.7095,                0.44007,                0.92417,                0.21693,                0.81884,              0.0095479,              0.0095479,              0.0095479
                    139,                0.53859,                0.97894,                  0.324,                 0.8577,                0.97706,                0.97172,                0.98492,                0.88938,                0.94295,                0.92681,                0.93912,                0.70965,                0.44056,                0.92529,                0.21736,                0.81891,              0.0095446,              0.0095446,              0.0095446
                    140,                0.53754,                0.98133,                0.32348,                0.85461,                0.97661,                0.97213,                0.98496,                0.89053,                0.94187,                0.92559,                0.93789,                 0.7099,                0.43824,                0.92201,                0.21693,                0.81842,              0.0095413,              0.0095413,              0.0095413
                    141,                0.53898,                0.97727,                0.32382,                0.85355,                0.97646,                0.97243,                0.98405,                0.88855,                0.94319,                0.92682,                0.93938,                0.71013,                0.44179,                0.92829,                0.21755,                0.81916,               0.009538,               0.009538,               0.009538
                    142,                0.52911,                 0.9754,                0.32114,                 0.8531,                0.97836,                0.96903,                0.98397,                0.88789,                 0.9433,                0.92673,                0.93958,                0.70887,                0.44528,                0.93496,                0.21863,                0.82001,              0.0095347,              0.0095347,              0.0095347
                    143,                0.53156,                0.95818,                0.31989,                0.85225,                0.97901,                0.96846,                0.98398,                0.88785,                0.94313,                0.92682,                0.93934,                0.70902,                0.44726,                0.93729,                0.21879,                0.82042,              0.0095314,              0.0095314,              0.0095314
                    144,                0.53239,                0.98029,                0.31748,                0.85611,                 0.9801,                0.96743,                0.98485,                0.88722,                0.94038,                0.92737,                0.93978,                0.70904,                0.44861,                0.93925,                0.21957,                0.82068,              0.0095281,              0.0095281,              0.0095281
                    145,                0.53263,                0.98128,                0.32258,                0.85439,                0.97431,                0.97291,                0.98489,                0.88683,                0.94015,                0.92729,                0.93959,                0.70866,                0.44935,                0.94128,                0.22096,                 0.8209,              0.0095248,              0.0095248,              0.0095248
                    146,                0.53314,                0.96053,                 0.3178,                0.85381,                0.97204,                0.97526,                0.98484,                0.88582,                 0.9417,                0.92845,                0.94121,                0.70886,                0.45216,                0.94661,                0.22147,                0.82135,              0.0095215,              0.0095215,              0.0095215
                    147,                0.53328,                0.95617,                 0.3237,                0.85207,                0.97132,                0.97556,                0.98567,                0.88568,                0.94136,                 0.9285,                0.94165,                0.70825,                0.45519,                0.95269,                0.22084,                  0.822,              0.0095182,              0.0095182,              0.0095182
                    148,                0.53195,                0.95899,                 0.3195,                 0.8518,                0.98052,                 0.9659,                0.98421,                0.88443,                0.94147,                0.92847,                0.94171,                0.70708,                0.45416,                0.95146,                0.22113,                0.82188,              0.0095149,              0.0095149,              0.0095149
                    149,                0.53046,                0.96652,                0.32104,                0.85592,                0.98025,                0.96605,                0.98509,                0.88594,                0.93962,                0.92732,                 0.9399,                0.70769,                0.45297,                0.94804,                0.22138,                0.82156,              0.0095116,              0.0095116,              0.0095116
                    150,                0.52621,                0.95793,                 0.3142,                0.85097,                0.98022,                0.96596,                0.98509,                0.88597,                0.93608,                 0.9252,                0.93714,                0.70759,                0.45253,                0.94663,                0.22074,                0.82146,              0.0095083,              0.0095083,              0.0095083
                    151,                0.52475,                 0.9485,                0.31888,                0.84929,                0.98074,                0.96555,                0.98498,                0.88543,                0.93794,                0.92603,                0.93884,                0.70832,                0.45233,                  0.947,                  0.221,                0.82129,               0.009505,               0.009505,               0.009505
                    152,                0.52439,                0.94827,                0.31836,                0.85208,                0.97556,                0.97071,                0.98427,                0.88511,                0.93822,                0.92881,                0.93965,                0.70803,                0.45139,                 0.9445,                0.22176,                0.82096,              0.0095017,              0.0095017,              0.0095017
                    153,                0.53608,                0.98332,                0.32023,                0.85558,                0.97553,                0.97089,                0.98427,                0.88498,                0.93814,                0.92871,                0.93953,                0.70864,                0.45181,                0.94581,                0.22213,                0.82098,              0.0094984,              0.0094984,              0.0094984
                    154,                0.52082,                0.93858,                0.31509,                0.84817,                0.97119,                0.97466,                0.98424,                0.88457,                0.93976,                0.92761,                0.93948,                0.70782,                0.45393,                0.94973,                0.22209,                0.82144,              0.0094951,              0.0094951,              0.0094951
                    155,                0.52573,                0.95423,                0.31605,                0.85458,                0.98139,                0.96572,                0.98414,                0.88505,                0.94124,                0.92873,                0.94056,                0.70883,                0.45334,                0.94803,                0.22154,                0.82144,              0.0094918,              0.0094918,              0.0094918
                    156,                 0.5304,                0.95887,                0.31963,                0.85256,                0.97137,                0.97461,                0.98417,                0.88477,                0.93913,                0.92754,                0.93978,                0.70781,                0.45517,                0.95287,                0.22123,                0.82196,              0.0094885,              0.0094885,              0.0094885
                    157,                0.52074,                0.93835,                0.31387,                0.84783,                0.97142,                0.97471,                0.98503,                0.88521,                0.93699,                0.92634,                0.93876,                  0.708,                0.45598,                0.95379,                0.22181,                0.82205,              0.0094852,              0.0094852,              0.0094852
                    158,                0.52611,                0.94589,                0.32001,                0.85176,                0.98075,                0.96607,                0.98414,                0.88431,                0.93746,                0.92626,                0.93899,                0.70774,                0.45786,                0.95586,                0.22092,                0.82225,              0.0094819,              0.0094819,              0.0094819
                    159,                0.52665,                0.94851,                0.31634,                0.84997,                0.98047,                0.96617,                0.98501,                0.88512,                0.93526,                 0.9257,                0.93899,                0.70791,                0.45652,                 0.9532,                0.22071,                0.82198,              0.0094786,              0.0094786,              0.0094786
                    160,                0.51614,                0.94266,                0.30873,                0.84792,                0.97102,                 0.9752,                0.98514,                0.88511,                0.93521,                0.92615,                0.93895,                0.70856,                0.45598,                0.95108,                0.22029,                0.82178,              0.0094753,              0.0094753,              0.0094753
                    161,                0.51904,                0.93245,                  0.311,                0.84875,                0.97954,                0.96729,                 0.9851,                  0.884,                0.93199,                0.93038,                0.93954,                0.70851,                0.45747,                0.95445,                0.22096,                0.82206,               0.009472,               0.009472,               0.009472
                    162,                0.51714,                0.93793,                0.31659,                0.84487,                0.97676,                0.96911,                0.98422,                0.88441,                 0.9323,                0.93043,                0.93959,                0.70794,                0.45731,                 0.9533,                0.22105,                 0.8217,              0.0094687,              0.0094687,              0.0094687
                    163,                0.52779,                0.95878,                0.31979,                0.84822,                0.97376,                0.97427,                0.98431,                0.88437,                0.93232,                0.93054,                0.93964,                  0.708,                0.45692,                0.95237,                0.22122,                0.82159,              0.0094654,              0.0094654,              0.0094654
                    164,                0.52326,                0.94228,                0.31894,                0.84502,                0.97359,                0.97459,                0.98435,                0.88412,                0.93237,                0.93045,                0.93973,                0.70784,                0.45936,                0.95594,                0.22199,                0.82198,              0.0094621,              0.0094621,              0.0094621
                    165,                0.52196,                0.95164,                0.31692,                0.84889,                0.97485,                 0.9717,                0.98436,                0.88389,                0.93624,                0.92831,                0.94071,                0.70851,                 0.4588,                0.95498,                0.22188,                0.82175,              0.0094588,              0.0094588,              0.0094588
                    166,                0.52107,                0.94813,                0.31541,                 0.8494,                0.97051,                0.97588,                0.98437,                0.88388,                0.93295,                0.93138,                0.94069,                0.70855,                0.45827,                  0.953,                0.22176,                0.82167,              0.0094555,              0.0094555,              0.0094555
                    167,                 0.5247,                0.94045,                0.32132,                0.85211,                 0.9735,                0.97206,                0.98521,                 0.8851,                0.93605,                0.92534,                0.93902,                0.70961,                0.45758,                0.95174,                0.22111,                0.82143,              0.0094522,              0.0094522,              0.0094522
                    168,                0.51899,                 0.9365,                0.31262,                0.85033,                0.97216,                0.97571,                0.98525,                0.88515,                0.93411,                0.92729,                0.93882,                0.70987,                0.45719,                0.95016,                0.22025,                0.82126,              0.0094489,              0.0094489,              0.0094489
                    169,                0.51639,                0.93836,                 0.3142,                0.84793,                0.96995,                0.97666,                0.98525,                0.88503,                0.93627,                0.92496,                0.93922,                0.70972,                0.45807,                0.95179,                0.22103,                0.82144,              0.0094456,              0.0094456,              0.0094456
                    170,                0.52103,                0.94093,                 0.3144,                0.84731,                0.96994,                0.97674,                0.98528,                0.88409,                0.93573,                0.92496,                0.93927,                0.70824,                0.45938,                0.95358,                0.22239,                0.82164,              0.0094423,              0.0094423,              0.0094423
                    171,                0.51602,                0.94204,                0.31152,                0.84675,                0.96875,                0.97676,                0.98522,                0.88335,                0.93388,                0.92891,                0.93931,                0.70802,                0.45924,                0.95372,                0.22222,                 0.8217,               0.009439,               0.009439,               0.009439
                    172,                0.51518,                0.94876,                 0.3139,                0.84691,                0.96861,                0.97691,                0.98424,                0.88346,                0.93082,                0.92616,                0.93635,                0.70858,                0.45948,                0.95406,                0.22269,                 0.8217,              0.0094357,              0.0094357,              0.0094357
                    173,                0.51831,                0.93818,                0.31522,                0.84698,                0.96885,                0.97692,                0.98425,                 0.8835,                 0.9355,                0.92017,                0.93532,                0.70812,                0.45939,                0.95309,                 0.2222,                0.82168,              0.0094324,              0.0094324,              0.0094324
                    174,                0.51385,                0.93158,                0.31056,                0.84834,                0.96953,                0.97665,                0.98429,                0.88276,                0.93435,                0.91867,                0.93371,                0.70767,                0.46055,                0.95491,                0.22305,                0.82197,              0.0094291,              0.0094291,              0.0094291
                    175,                0.51644,                0.93116,                0.31487,                0.84522,                0.96873,                0.97681,                0.98425,                 0.8822,                0.93435,                0.91833,                0.93393,                0.70733,                0.46114,                0.95665,                 0.2224,                0.82211,              0.0094258,              0.0094258,              0.0094258
                    176,                0.51102,                 0.9164,                0.30931,                0.84587,                0.96867,                 0.9768,                0.98514,                0.88274,                0.93518,                0.91914,                0.93566,                0.70741,                0.46098,                0.95739,                0.22203,                0.82217,              0.0094225,              0.0094225,              0.0094225
                    177,                 0.5141,                0.93034,                0.30839,                0.84631,                0.96839,                0.97689,                0.98429,                0.88291,                0.93504,                0.91884,                0.93548,                0.70741,                0.46011,                0.95629,                0.22218,                0.82206,              0.0094192,              0.0094192,              0.0094192
                    178,                0.51493,                0.93181,                0.31041,                0.84738,                0.96954,                0.97596,                0.98508,                0.88448,                0.93428,                0.91797,                0.93459,                0.70763,                0.45886,                0.95271,                0.22168,                0.82173,              0.0094159,              0.0094159,              0.0094159
                    179,                0.51365,                0.93425,                0.30784,                0.84686,                0.97229,                 0.9769,                0.98601,                0.88455,                0.93518,                0.91914,                0.93519,                0.70787,                0.45863,                0.95159,                0.22186,                0.82155,              0.0094126,              0.0094126,              0.0094126
                    180,                0.50885,                0.92529,                0.30676,                0.84247,                0.97249,                0.97703,                0.98608,                0.88516,                0.93533,                0.91906,                0.93531,                0.70886,                0.45726,                0.94845,                0.22102,                0.82122,              0.0094093,              0.0094093,              0.0094093
                    181,                0.51209,                0.93431,                0.31499,                0.84535,                0.97125,                0.97562,                0.98521,                0.88464,                 0.9291,                0.92517,                0.93534,                0.70942,                0.45658,                0.94683,                0.22099,                0.82091,               0.009406,               0.009406,               0.009406
                    182,                0.51333,                 0.9273,                0.31394,                0.84664,                0.97153,                0.97626,                0.98521,                0.88521,                0.92751,                0.92678,                0.93569,                0.70967,                0.45675,                 0.9473,                 0.2207,                0.82101,              0.0094027,              0.0094027,              0.0094027
                    183,                0.50942,                 0.9207,                0.31002,                0.84579,                0.97161,                0.97625,                0.98523,                0.88628,                0.92747,                0.92678,                0.93532,                0.70982,                0.45519,                0.94494,                0.22075,                0.82071,              0.0093994,              0.0093994,              0.0093994
                    184,                0.50826,                0.90729,                0.30686,                0.84493,                0.97166,                0.97618,                0.98519,                 0.8864,                0.92727,                0.92724,                0.93505,                0.70919,                0.45439,                 0.9435,                0.22003,                0.82041,              0.0093961,              0.0093961,              0.0093961
                    185,                0.51036,                0.92008,                0.30638,                0.84444,                0.97184,                0.97616,                0.98513,                0.88745,                0.92713,                0.92714,                0.93506,                 0.7103,                0.45315,                0.94143,                0.21974,                0.82017,              0.0093928,              0.0093928,              0.0093928
                    186,                0.51151,                0.93528,                0.30597,                0.84384,                 0.9717,                0.97628,                0.98523,                0.88754,                0.92835,                0.92695,                0.93518,                0.71095,                0.45071,                0.93823,                0.21915,                0.81976,              0.0093895,              0.0093895,              0.0093895
                    187,                0.50607,                0.92585,                0.30926,                0.84542,                 0.9714,                0.97626,                0.98525,                0.88773,                0.92998,                0.92839,                0.93645,                0.71364,                0.45034,                0.93674,                0.21946,                0.81963,              0.0093862,              0.0093862,              0.0093862
                    188,                0.50789,                0.91262,                0.31085,                0.84381,                0.97338,                0.97742,                0.98642,                0.88889,                0.92998,                0.92838,                0.93587,                0.71362,                0.44833,                0.93342,                0.21902,                0.81923,              0.0093829,              0.0093829,              0.0093829
                    189,                0.51305,                0.93286,                0.31001,                0.85025,                0.97322,                 0.9773,                0.98647,                0.88912,                0.92935,                 0.9287,                0.93596,                0.71394,                0.44747,                0.93175,                0.21918,                0.81903,              0.0093796,              0.0093796,              0.0093796
                    190,                0.51007,                 0.9324,                0.30609,                0.84553,                0.97352,                 0.9772,                0.98646,                 0.8893,                0.92924,                0.92921,                0.93677,                0.71463,                0.44713,                0.93032,                0.21879,                0.81899,              0.0093763,              0.0093763,              0.0093763
                    191,                0.50811,                0.91551,                0.30367,                0.84679,                0.97218,                0.97594,                0.98547,                0.88884,                0.93034,                0.93135,                0.93779,                0.71506,                 0.4459,                 0.9286,                0.21831,                0.81874,               0.009373,               0.009373,               0.009373
                    192,                0.50128,                0.90598,                0.30223,                0.84296,                0.97216,                0.97587,                0.98544,                0.88986,                0.93029,                0.93142,                0.93737,                0.71414,                0.44596,                0.92771,                0.21842,                0.81861,              0.0093697,              0.0093697,              0.0093697
                    193,                0.50959,                0.91735,                0.30878,                0.84684,                0.97237,                0.97592,                0.98547,                0.88958,                0.92983,                  0.932,                0.93778,                0.71458,                 0.4444,                0.92508,                0.21824,                 0.8182,              0.0093664,              0.0093664,              0.0093664
                    194,                0.50871,                 0.9178,                0.30578,                0.84513,                0.97248,                0.97589,                0.98536,                0.88943,                0.92977,                0.93213,                0.93781,                0.71538,                0.44467,                0.92504,                0.21816,                0.81819,              0.0093631,              0.0093631,              0.0093631
                    195,                0.50729,                0.90987,                0.30771,                0.84375,                0.97406,                0.97706,                0.98641,                0.89086,                0.92729,                0.93259,                0.93761,                0.71421,                0.44511,                0.92593,                0.21889,                0.81834,              0.0093598,              0.0093598,              0.0093598
                    196,                0.50486,                0.92288,                0.30548,                0.84344,                0.97263,                0.97577,                0.98536,                0.88949,                0.92734,                0.93257,                0.93752,                 0.7146,                0.44564,                0.92632,                0.21921,                0.81835,              0.0093565,              0.0093565,              0.0093565
                    197,                0.50223,                0.90711,                 0.3044,                0.84648,                0.97268,                 0.9757,                0.98446,                0.88877,                0.92842,                0.93349,                 0.9381,                 0.7145,                0.44538,                0.92469,                0.21908,                0.81805,              0.0093532,              0.0093532,              0.0093532
                    198,                0.50766,                0.91427,                0.30933,                0.84328,                0.97258,                0.97566,                0.98446,                0.88922,                0.92835,                0.93347,                0.93803,                0.71535,                0.44543,                0.92491,                0.21889,                  0.818,              0.0093499,              0.0093499,              0.0093499
                    199,                 0.5018,                0.90016,                0.30414,                0.84391,                0.97306,                0.97571,                0.98451,                0.88966,                0.93022,                0.93466,                0.94039,                0.71543,                0.44563,                0.92404,                0.21854,                0.81789,              0.0093466,              0.0093466,              0.0093466
                    200,                0.50366,                0.91323,                0.30122,                0.84282,                0.97254,                0.97565,                0.98459,                0.89016,                0.93108,                0.93581,                0.94262,                0.71716,                0.44419,                0.92145,                0.21787,                0.81755,              0.0093433,              0.0093433,              0.0093433
                    201,                0.49997,                 0.9137,                0.30582,                0.84349,                 0.9753,                 0.9785,                0.98676,                0.89149,                0.93111,                0.93625,                0.94146,                0.71674,                0.44318,                0.91857,                 0.2175,                0.81736,                0.00934,                0.00934,                0.00934
                    202,                0.50077,                0.90644,                0.30489,                0.84041,                0.97388,                0.97729,                0.98563,                0.89049,                0.93104,                0.93631,                0.94131,                0.71775,                0.44362,                0.91895,                0.21722,                0.81731,              0.0093367,              0.0093367,              0.0093367
                    203,                0.50046,                0.90212,                0.30281,                0.83995,                0.97413,                0.97726,                0.98574,                0.89094,                0.93121,                 0.9362,                0.94213,                0.71739,                0.44235,                0.91694,                0.21715,                0.81705,              0.0093334,              0.0093334,              0.0093334
